num_particles,time_secs
1000,0.2797306666666666
5000,1.20368
10000,2.318303333333333
50000,11.201100000000002
100000,22.242966666666664
500000,530.6460000000001
